{
  "prepare_queue": {
    "installed": [],
    "uninstalled": []
  },
  "config_munge": {
    "files": {
      "config.xml": {
        "parents": {
          "/*": [
            {
              "xml": "<feature name=\"Camera\"><param name=\"browser-package\" value=\"Camera\" /></feature>",
              "count": 1
            },
            {
              "xml": "<feature name=\"Device\"><param name=\"browser-package\" value=\"Device\" /></feature>",
              "count": 1
            }
          ]
        }
      }
    }
  },
  "installed_plugins": {
    "cordova-plugin-whitelist": {
      "PACKAGE_NAME": "io.cordova.hellocordova"
    },
    "cordova-plugin-browsersync-gen2": {
      "PACKAGE_NAME": "io.cordova.hellocordova"
    },
    "cordova-plugin-camera": {
      "PACKAGE_NAME": "io.cordova.hellocordova"
    },
    "cordova-plugin-crop": {
      "PACKAGE_NAME": "io.cordova.hellocordova"
    },
    "cordova-plugin-device": {
      "PACKAGE_NAME": "io.cordova.hellocordova"
    },
    "com-badrit-base64": {
      "PACKAGE_NAME": "io.cordova.hellocordova"
    },
    "cordova-plugin-geolocation": {
      "GPS_REQUIRED": "true",
      "PACKAGE_NAME": "io.cordova.hellocordova"
    }
  },
  "dependent_plugins": {},
  "modules": [
    {
      "file": "plugins/cordova-plugin-camera/www/CameraConstants.js",
      "id": "cordova-plugin-camera.Camera",
      "pluginId": "cordova-plugin-camera",
      "clobbers": [
        "Camera"
      ]
    },
    {
      "file": "plugins/cordova-plugin-camera/www/CameraPopoverOptions.js",
      "id": "cordova-plugin-camera.CameraPopoverOptions",
      "pluginId": "cordova-plugin-camera",
      "clobbers": [
        "CameraPopoverOptions"
      ]
    },
    {
      "file": "plugins/cordova-plugin-camera/www/Camera.js",
      "id": "cordova-plugin-camera.camera",
      "pluginId": "cordova-plugin-camera",
      "clobbers": [
        "navigator.camera"
      ]
    },
    {
      "file": "plugins/cordova-plugin-camera/src/browser/CameraProxy.js",
      "id": "cordova-plugin-camera.CameraProxy",
      "pluginId": "cordova-plugin-camera",
      "runs": true
    },
    {
      "file": "plugins/cordova-plugin-crop/www/crop.js",
      "id": "cordova-plugin-crop.CropPlugin",
      "pluginId": "cordova-plugin-crop",
      "clobbers": [
        "plugins.crop"
      ]
    },
    {
      "file": "plugins/cordova-plugin-device/www/device.js",
      "id": "cordova-plugin-device.device",
      "pluginId": "cordova-plugin-device",
      "clobbers": [
        "device"
      ]
    },
    {
      "file": "plugins/cordova-plugin-device/src/browser/DeviceProxy.js",
      "id": "cordova-plugin-device.DeviceProxy",
      "pluginId": "cordova-plugin-device",
      "runs": true
    },
    {
      "file": "plugins/com-badrit-base64/www/Base64.js",
      "id": "com-badrit-base64.Base64",
      "pluginId": "com-badrit-base64",
      "clobbers": [
        "navigator.Base64"
      ]
    }
  ],
  "plugin_metadata": {
    "cordova-plugin-whitelist": "1.3.4",
    "cordova-plugin-browsersync-gen2": "1.1.7",
    "cordova-plugin-camera": "5.0.1",
    "cordova-plugin-crop": "0.3.1",
    "cordova-plugin-device": "1.1.7",
    "com-badrit-base64": "0.2.0",
    "cordova-plugin-geolocation": "4.1.0"
  }
}
